<?xml version="1.0" encoding="UTF-8"?>
<Entities build="b260" majorVersion="8" minorVersion="2" modelPersistenceProviderPackage="PostgresPersistenceProviderPackage" revision="5" schemaVersion="1020" universal="">
	<ThingTemplates>
	  <ThingTemplate baseThingTemplate="Database" description="mssql-jdbc-640jre8 JDBC Template" documentationContent="" effectiveThingPackage="" homeMashup="" lastModifiedDate="2019-09-01T12:00:00.000-05:00" name="MySqlJDBC8017ThingTemplate" tags="" thingPackage="">
		 <avatar />
		 <DesignTimePermissions>
			<Create />
			<Read />
			<Update />
			<Delete />
			<Metadata />
		 </DesignTimePermissions>
		 <RunTimePermissions />
		 <ConfigurationTables>
			<ConfigurationTable name="ConnectionInfo">
			   <DataShape description="Connection parameters" name="Database.ConnectionInfo">
				  <FieldDefinitions>
					 <FieldDefinition aspect.defaultValue="5.0" baseType="NUMBER" description="Maximum number of connections in the pool" name="maxConnections" ordinal="0" />
					 <FieldDefinition baseType="STRING" description="jDBCDriverClass" name="jDBCDriverClass" />
					 <FieldDefinition baseType="STRING" description="jDBCConnectionURL" name="jDBCConnectionURL" />
					 <FieldDefinition baseType="STRING" description="connectionValidationString" name="connectionValidationString" />
					 <FieldDefinition baseType="STRING" description="Database user name" name="userName" ordinal="0" />
					 <FieldDefinition baseType="PASSWORD" description="Database password" name="password" ordinal="0" />
				  </FieldDefinitions>
			   </DataShape>
			   <Rows>
				  <Row>
					 <jDBCDriverClass>com.mysql.jdbc.Driver</jDBCDriverClass>
					 <jDBCConnectionURL>jdbc:mysql://[hostName]/[databaseName]</jDBCConnectionURL>
					 <connectionValidationString>SELECT NOW()</connectionValidationString>
					 <userName />
					 <password />
				  </Row>
			   </Rows>
			</ConfigurationTable>
			<ConfigurationTable description="" isMultiRow="false" name="ConnectionMonitoring">
			   <DataShape>
				  <FieldDefinitions>
					 <FieldDefinition aspect.defaultValue="1.0" baseType="NUMBER" description="Number of retries" name="numberOfRetries" ordinal="0" />
					 <FieldDefinition aspect.defaultValue="2000.0" baseType="NUMBER" description="Retry delay in milliseconds" name="retryDelay" ordinal="0" />
					 <FieldDefinition aspect.defaultValue="false" baseType="BOOLEAN" description="Enable connection monitoring" name="enableMonitor" ordinal="0" />
					 <FieldDefinition aspect.defaultValue="30000.0" baseType="NUMBER" description="Monitor rate in milliseconds" name="connectionMonitorRate" ordinal="0" />
				  </FieldDefinitions>
			   </DataShape>
			   <Rows>
				  <Row>
					 <numberOfRetries>1.0</numberOfRetries>
					 <retryDelay>2000.0</retryDelay>
					 <enableMonitor>false</enableMonitor>
					 <connectionMonitorRate>3000.0</connectionMonitorRate>
				  </Row>
			   </Rows>
			</ConfigurationTable>
		 </ConfigurationTables>
		 <ThingShape description="" documentationContent="" lastModifiedDate="2019-09-01T12:00:00.000-05:00" name="" tags="">
			<PropertyDefinitions />
			<ServiceDefinitions />
			<EventDefinitions />
			<ServiceMappings />
			<ServiceImplementations />
			<Subscriptions />
		 </ThingShape>
		 <ImplementedShapes />
		 <SharedConfigurationTables />
		 <InstanceDesignTimePermissions>
			<Create />
			<Read />
			<Update />
			<Delete />
			<Metadata />
		 </InstanceDesignTimePermissions>
		 <InstanceRunTimePermissions />
	  </ThingTemplate>
	</ThingTemplates>
</Entities>